num_bins,avg_score,score_std
5,-432.17667,43.01954
10,-226.95,22.669476
15,-237.75667,7.4702177
20,-247.56,5.524377
