num_bins,avg_score,score_std
5,-428.65332,37.394455
10,-225.40666,8.656155
15,-227.31,19.3235
20,-246.71333,22.770693
